<?xml version="1.0" encoding="UTF-8"?>
<ivy-module version="2.0" xmlns:m="http://ant.apache.org/ivy/maven">
	<info organisation="org.hibernate"
		module="hibernate-ehcache"
		revision="3.6.10.Final"
		status="release"
		publication="20120412123225"
	>
		<description homepage="">
		Integration of Hibernate with Ehcache
		</description>
		<m:dependency.management__javassist__javassist__version>3.12.0.GA</m:dependency.management__javassist__javassist__version>
		<m:properties__bytemanVersion>1.5.1</m:properties__bytemanVersion>
		<m:dependency.management__commons-collections__commons-collections__version>3.1</m:dependency.management__commons-collections__commons-collections__version>
		<m:dependency.management__javax.validation__validation-api__version>1.0.0.GA</m:dependency.management__javax.validation__validation-api__version>
		<m:dependency.management__dom4j__dom4j__version>1.6.1</m:dependency.management__dom4j__dom4j__version>
		<m:dependency.management__org.hibernate__hibernate-validator__version>4.1.0.Final</m:dependency.management__org.hibernate__hibernate-validator__version>
		<m:dependency.management__cglib__cglib__version>2.2</m:dependency.management__cglib__cglib__version>
		<m:dependency.management__org.hibernate.javax.persistence__hibernate-jpa-2.0-api__version>1.0.1.Final</m:dependency.management__org.hibernate.javax.persistence__hibernate-jpa-2.0-api__version>
		<m:dependency.management__com.h2database__h2__version>1.2.145</m:dependency.management__com.h2database__h2__version>
		<m:properties__project.build.sourceEncoding>UTF-8</m:properties__project.build.sourceEncoding>
		<m:properties__slf4jVersion>1.6.1</m:properties__slf4jVersion>
		<m:dependency.management__org.slf4j__slf4j-api__version>1.6.1</m:dependency.management__org.slf4j__slf4j-api__version>
		<m:dependency.management__antlr__antlr__version>2.7.6</m:dependency.management__antlr__antlr__version>
		<m:dependency.management__org.hibernate__hibernate-commons-annotations__version>3.2.0.Final</m:dependency.management__org.hibernate__hibernate-commons-annotations__version>
		<m:dependency.management__org.jboss.byteman__byteman__version>1.5.1</m:dependency.management__org.jboss.byteman__byteman__version>
		<m:maven.plugins>org.jboss.maven.plugins__maven-jdocbook-style-plugin__null|org.codehaus.groovy.maven__gmaven-plugin__1.0|org.apache.maven.plugins__maven-enforcer-plugin__null|org.apache.maven.plugins__maven-compiler-plugin__null|org.apache.maven.plugins__maven-jar-plugin__null|org.apache.maven.plugins__maven-surefire-plugin__null|org.apache.maven.plugins__maven-source-plugin__null|org.jboss.maven.plugins__maven-jdocbook-style-plugin__null|org.codehaus.groovy.maven__gmaven-plugin__1.0|org.apache.maven.plugins__maven-enforcer-plugin__null|org.apache.maven.plugins__maven-compiler-plugin__null|org.apache.maven.plugins__maven-jar-plugin__null|org.apache.maven.plugins__maven-surefire-plugin__null|org.apache.maven.plugins__maven-source-plugin__null</m:maven.plugins>
	</info>
	<configurations>
		<conf name="default" visibility="public" description="runtime dependencies and master artifact can be used with this conf" extends="runtime,master"/>
		<conf name="master" visibility="public" description="contains only the artifact published by this module itself, with no transitive dependencies"/>
		<conf name="compile" visibility="public" description="this is the default scope, used if none is specified. Compile dependencies are available in all classpaths."/>
		<conf name="provided" visibility="public" description="this is much like compile, but indicates you expect the JDK or a container to provide it. It is only available on the compilation classpath, and is not transitive."/>
		<conf name="runtime" visibility="public" description="this scope indicates that the dependency is not required for compilation, but is for execution. It is in the runtime and test classpaths, but not the compile classpath." extends="compile"/>
		<conf name="test" visibility="private" description="this scope indicates that the dependency is not required for normal use of the application, and is only available for the test compilation and execution phases." extends="runtime"/>
		<conf name="system" visibility="public" description="this scope is similar to provided except that you have to provide the JAR which contains it explicitly. The artifact is always available and is not looked up in a repository."/>
		<conf name="sources" visibility="public" description="this configuration contains the source artifact of this module, if any."/>
		<conf name="javadoc" visibility="public" description="this configuration contains the javadoc artifact of this module, if any."/>
		<conf name="optional" visibility="public" description="contains all optional dependencies"/>
	</configurations>
	<publications>
		<artifact name="hibernate-ehcache" type="jar" ext="jar" conf="master"/>
	</publications>
	<dependencies>
		<dependency org="org.hibernate" name="hibernate-core" rev="3.6.10.Final" force="true" conf="compile->compile(*),master(*);runtime->runtime(*)"/>
		<dependency org="net.sf.ehcache" name="ehcache-core" rev="2.4.3" force="true" conf="compile->compile(*),master(*);runtime->runtime(*)"/>
		<dependency org="org.hibernate" name="hibernate-testing" rev="3.6.10.Final" force="true" conf="test->runtime(*),master(*)"/>
		<dependency org="hsqldb" name="hsqldb" rev="1.8.0.2" force="true" conf="test->runtime(*),master(*)"/>
		<dependency org="cglib" name="cglib" rev="2.2" force="true" conf="test->runtime(*),master(*)"/>
		<dependency org="javassist" name="javassist" rev="3.12.0.GA" force="true" conf="test->runtime(*),master(*)"/>
		<dependency org="org.slf4j" name="slf4j-api" rev="1.6.1" force="true" conf="compile->compile(*),master(*);runtime->runtime(*)"/>
		<dependency org="junit" name="junit" rev="3.8.1" force="true" conf="test->runtime(*),master(*)"/>
		<dependency org="org.slf4j" name="jcl-over-slf4j" rev="1.6.1" force="true" conf="test->runtime(*),master(*)"/>
		<dependency org="org.slf4j" name="slf4j-log4j12" rev="1.6.1" force="true" conf="test->runtime(*),master(*)"/>
		<dependency org="commons-logging" name="commons-logging" rev="99.0-does-not-exist" force="true" conf="test->runtime(*),master(*)"/>
		<dependency org="commons-logging" name="commons-logging-api" rev="99.0-does-not-exist" force="true" conf="test->runtime(*),master(*)"/>
		<override org="javassist" module="javassist" matcher="exact" rev="3.12.0.GA"/>
		<override org="commons-collections" module="commons-collections" matcher="exact" rev="3.1"/>
		<override org="javax.validation" module="validation-api" matcher="exact" rev="1.0.0.GA"/>
		<override org="dom4j" module="dom4j" matcher="exact" rev="1.6.1"/>
		<override org="org.hibernate" module="hibernate-validator" matcher="exact" rev="4.1.0.Final"/>
		<override org="cglib" module="cglib" matcher="exact" rev="2.2"/>
		<override org="org.hibernate.javax.persistence" module="hibernate-jpa-2.0-api" matcher="exact" rev="1.0.1.Final"/>
		<override org="com.h2database" module="h2" matcher="exact" rev="1.2.145"/>
		<override org="org.slf4j" module="slf4j-api" matcher="exact" rev="1.6.1"/>
		<override org="antlr" module="antlr" matcher="exact" rev="2.7.6"/>
		<override org="org.hibernate" module="hibernate-commons-annotations" matcher="exact" rev="3.2.0.Final"/>
		<override org="org.jboss.byteman" module="byteman" matcher="exact" rev="1.5.1"/>
	</dependencies>
</ivy-module>
