<?xml version="1.0" encoding="UTF-8"?>
<ivy-module version="2.0" xmlns:m="http://ant.apache.org/ivy/maven">
	<info organisation="org.hibernate"
		module="hibernate-commons-annotations"
		revision="3.2.0.Final"
		status="release"
		publication="20120222141737"
	>
		<license name="GNU LESSER GENERAL PUBLIC LICENSE" url="http://www.gnu.org/licenses/lgpl.txt" />
		<description homepage="http://hibernate.org">
		Common reflection code used in support of annotation processing
		</description>
		<m:dependency.management__org.slf4j__slf4j-api__version>1.5.8</m:dependency.management__org.slf4j__slf4j-api__version>
		<m:properties__slf4jVersion>1.5.8</m:properties__slf4jVersion>
		<m:maven.plugins>org.apache.maven.plugins__maven-compiler-plugin__null</m:maven.plugins>
	</info>
	<configurations>
		<conf name="default" visibility="public" description="runtime dependencies and master artifact can be used with this conf" extends="runtime,master"/>
		<conf name="master" visibility="public" description="contains only the artifact published by this module itself, with no transitive dependencies"/>
		<conf name="compile" visibility="public" description="this is the default scope, used if none is specified. Compile dependencies are available in all classpaths."/>
		<conf name="provided" visibility="public" description="this is much like compile, but indicates you expect the JDK or a container to provide it. It is only available on the compilation classpath, and is not transitive."/>
		<conf name="runtime" visibility="public" description="this scope indicates that the dependency is not required for compilation, but is for execution. It is in the runtime and test classpaths, but not the compile classpath." extends="compile"/>
		<conf name="test" visibility="private" description="this scope indicates that the dependency is not required for normal use of the application, and is only available for the test compilation and execution phases." extends="runtime"/>
		<conf name="system" visibility="public" description="this scope is similar to provided except that you have to provide the JAR which contains it explicitly. The artifact is always available and is not looked up in a repository."/>
		<conf name="sources" visibility="public" description="this configuration contains the source artifact of this module, if any."/>
		<conf name="javadoc" visibility="public" description="this configuration contains the javadoc artifact of this module, if any."/>
		<conf name="optional" visibility="public" description="contains all optional dependencies"/>
	</configurations>
	<publications>
		<artifact name="hibernate-commons-annotations" type="jar" ext="jar" conf="master"/>
	</publications>
	<dependencies>
		<dependency org="org.slf4j" name="slf4j-api" rev="1.5.8" force="true" conf="compile->compile(*),master(*);runtime->runtime(*)"/>
		<dependency org="junit" name="junit" rev="3.8.1" force="true" conf="test->runtime(*),master(*)"/>
		<dependency org="org.slf4j" name="jcl-over-slf4j" rev="1.5.8" force="true" conf="test->runtime(*),master(*)"/>
		<dependency org="org.slf4j" name="slf4j-log4j12" rev="1.5.8" force="true" conf="test->runtime(*),master(*)"/>
		<dependency org="commons-logging" name="commons-logging" rev="99.0-does-not-exist" force="true" conf="test->runtime(*),master(*)"/>
		<dependency org="commons-logging" name="commons-logging-api" rev="99.0-does-not-exist" force="true" conf="test->runtime(*),master(*)"/>
		<override org="org.slf4j" module="slf4j-api" matcher="exact" rev="1.5.8"/>
	</dependencies>
</ivy-module>
