<?xml version="1.0" encoding="UTF-8"?>
<ivy-module version="2.0" xmlns:m="http://ant.apache.org/ivy/maven">
	<info organisation="com.googlecode.concurrentlinkedhashmap"
		module="concurrentlinkedhashmap-lru"
		revision="1.2_jdk5"
		status="release"
		publication="20120222141723"
	>
		<license name="Apache" url="http://www.apache.org/licenses/LICENSE-2.0.txt" />
		<description homepage="http://code.google.com/p/concurrentlinkedhashmap">
		A high performance version of java.util.LinkedHashMap for use as a software cache.
		</description>
		<m:properties__project.build.sourceEncoding>UTF-8</m:properties__project.build.sourceEncoding>
		<m:maven.plugins>org.apache.maven.plugins__maven-compiler-plugin__null|org.apache.maven.plugins__maven-surefire-plugin__2.5|org.codehaus.mojo__properties-maven-plugin__1.0-alpha-1</m:maven.plugins>
	</info>
	<configurations>
		<conf name="default" visibility="public" description="runtime dependencies and master artifact can be used with this conf" extends="runtime,master"/>
		<conf name="master" visibility="public" description="contains only the artifact published by this module itself, with no transitive dependencies"/>
		<conf name="compile" visibility="public" description="this is the default scope, used if none is specified. Compile dependencies are available in all classpaths."/>
		<conf name="provided" visibility="public" description="this is much like compile, but indicates you expect the JDK or a container to provide it. It is only available on the compilation classpath, and is not transitive."/>
		<conf name="runtime" visibility="public" description="this scope indicates that the dependency is not required for compilation, but is for execution. It is in the runtime and test classpaths, but not the compile classpath." extends="compile"/>
		<conf name="test" visibility="private" description="this scope indicates that the dependency is not required for normal use of the application, and is only available for the test compilation and execution phases." extends="runtime"/>
		<conf name="system" visibility="public" description="this scope is similar to provided except that you have to provide the JAR which contains it explicitly. The artifact is always available and is not looked up in a repository."/>
		<conf name="sources" visibility="public" description="this configuration contains the source artifact of this module, if any."/>
		<conf name="javadoc" visibility="public" description="this configuration contains the javadoc artifact of this module, if any."/>
		<conf name="optional" visibility="public" description="contains all optional dependencies"/>
	</configurations>
	<publications>
		<artifact name="concurrentlinkedhashmap-lru" type="jar" ext="jar" conf="master"/>
	</publications>
	<dependencies>
		<dependency org="colt" name="colt" rev="1.2.0" force="true" conf="test->runtime(*),master(*)"/>
		<dependency org="commons-collections" name="commons-collections" rev="3.2.1" force="true" conf="test->runtime(*),master(*)"/>
		<dependency org="commons-lang" name="commons-lang" rev="2.5" force="true" conf="test->runtime(*),master(*)"/>
		<dependency org="commons-logging" name="commons-logging" rev="1.1.1" force="true" conf="test->runtime(*),master(*)"/>
		<dependency org="com.google.guava" name="guava" rev="r08" force="true" conf="test->runtime(*),master(*)"/>
		<dependency org="net.sf.ehcache" name="ehcache-core" rev="2.0.1" force="true" conf="test->runtime(*),master(*)"/>
		<dependency org="org.apache.commons" name="commons-math" rev="2.1" force="true" conf="test->runtime(*),master(*)"/>
		<dependency org="org.hamcrest" name="hamcrest-all" rev="1.2" force="true" conf="test->runtime(*),master(*)"/>
		<dependency org="org.mockito" name="mockito-all" rev="1.8.5" force="true" conf="test->runtime(*),master(*)"/>
		<dependency org="org.slf4j" name="slf4j-simple" rev="1.5.11" force="true" conf="test->runtime(*),master(*)"/>
		<dependency org="org.testng" name="testng" rev="5.12.1" force="true" conf="test->runtime(*),master(*)"/>
	</dependencies>
</ivy-module>
